dataset,ensemble,type,subset,subset_indices,F1
O1 + N15,2models,k_subset,Old_under+New_under,"0,3",0.2356
O1 + N15,2models,k_subset,Old_under+New_over,"0,4",0.1947
O1 + N15,2models,k_subset,Old_under+New_hybrid,"0,5",0.2241
O1 + N15,2models,k_subset,Old_over+New_under,"1,3",0.1677
O1 + N15,2models,k_subset,Old_over+New_over,"1,4",0.1441
O1 + N15,2models,k_subset,Old_over+New_hybrid,"1,5",0.1964
O1 + N15,2models,k_subset,Old_hybrid+New_under,"2,3",0.2341
O1 + N15,2models,k_subset,Old_hybrid+New_over,"2,4",0.1652
O1 + N15,2models,k_subset,Old_hybrid+New_hybrid,"2,5",0.2045
O1 + N15,2models,k_subsets_mean,,,0.1962
O1 + N15,3models,k_subset,Old_under+Old_over+New_under,"0,1,3",0.1576
O1 + N15,3models,k_subset,Old_under+Old_over+New_over,"0,1,4",0.1389
O1 + N15,3models,k_subset,Old_under+Old_over+New_hybrid,"0,1,5",0.1729
O1 + N15,3models,k_subset,Old_under+Old_hybrid+New_under,"0,2,3",0.1618
O1 + N15,3models,k_subset,Old_under+Old_hybrid+New_over,"0,2,4",0.1482
O1 + N15,3models,k_subset,Old_under+Old_hybrid+New_hybrid,"0,2,5",0.1531
O1 + N15,3models,k_subset,Old_under+New_under+New_over,"0,3,4",0.2439
O1 + N15,3models,k_subset,Old_under+New_under+New_hybrid,"0,3,5",0.2523
O1 + N15,3models,k_subset,Old_under+New_over+New_hybrid,"0,4,5",0.2004
O1 + N15,3models,k_subset,Old_over+Old_hybrid+New_under,"1,2,3",0.1250
O1 + N15,3models,k_subset,Old_over+Old_hybrid+New_over,"1,2,4",0.1126
O1 + N15,3models,k_subset,Old_over+Old_hybrid+New_hybrid,"1,2,5",0.1386
O1 + N15,3models,k_subset,Old_over+New_under+New_over,"1,3,4",0.2214
O1 + N15,3models,k_subset,Old_over+New_under+New_hybrid,"1,3,5",0.2347
O1 + N15,3models,k_subset,Old_over+New_over+New_hybrid,"1,4,5",0.2010
O1 + N15,3models,k_subset,Old_hybrid+New_under+New_over,"2,3,4",0.2265
O1 + N15,3models,k_subset,Old_hybrid+New_under+New_hybrid,"2,3,5",0.2245
O1 + N15,3models,k_subset,Old_hybrid+New_over+New_hybrid,"2,4,5",0.1913
O1 + N15,3models,k_subsets_mean,,,0.1836
O1 + N15,4models,k_subset,Old_under+Old_over+Old_hybrid+New_under,"0,1,2,3",0.1158
O1 + N15,4models,k_subset,Old_under+Old_over+Old_hybrid+New_over,"0,1,2,4",0.1080
O1 + N15,4models,k_subset,Old_under+Old_over+Old_hybrid+New_hybrid,"0,1,2,5",0.1243
O1 + N15,4models,k_subset,Old_under+Old_over+New_under+New_over,"0,1,3,4",0.1791
O1 + N15,4models,k_subset,Old_under+Old_over+New_under+New_hybrid,"0,1,3,5",0.2257
O1 + N15,4models,k_subset,Old_under+Old_over+New_over+New_hybrid,"0,1,4,5",0.1839
O1 + N15,4models,k_subset,Old_under+Old_hybrid+New_under+New_over,"0,2,3,4",0.2144
O1 + N15,4models,k_subset,Old_under+Old_hybrid+New_under+New_hybrid,"0,2,3,5",0.2345
O1 + N15,4models,k_subset,Old_under+Old_hybrid+New_over+New_hybrid,"0,2,4,5",0.2083
O1 + N15,4models,k_subset,Old_under+New_under+New_over+New_hybrid,"0,3,4,5",0.2439
O1 + N15,4models,k_subset,Old_over+Old_hybrid+New_under+New_over,"1,2,3,4",0.1569
O1 + N15,4models,k_subset,Old_over+Old_hybrid+New_under+New_hybrid,"1,2,3,5",0.1959
O1 + N15,4models,k_subset,Old_over+Old_hybrid+New_over+New_hybrid,"1,2,4,5",0.1797
O1 + N15,4models,k_subset,Old_over+New_under+New_over+New_hybrid,"1,3,4,5",0.2266
O1 + N15,4models,k_subset,Old_hybrid+New_under+New_over+New_hybrid,"2,3,4,5",0.2390
O1 + N15,4models,k_subsets_mean,,,0.1891
O1 + N15,5models,k_subset,Old_under+Old_over+Old_hybrid+New_under+New_over,"0,1,2,3,4",0.1585
O1 + N15,5models,k_subset,Old_under+Old_over+Old_hybrid+New_under+New_hybrid,"0,1,2,3,5",0.1716
O1 + N15,5models,k_subset,Old_under+Old_over+Old_hybrid+New_over+New_hybrid,"0,1,2,4,5",0.1758
O1 + N15,5models,k_subset,Old_under+Old_over+New_under+New_over+New_hybrid,"0,1,3,4,5",0.2275
O1 + N15,5models,k_subset,Old_under+Old_hybrid+New_under+New_over+New_hybrid,"0,2,3,4,5",0.2301
O1 + N15,5models,k_subset,Old_over+Old_hybrid+New_under+New_over+New_hybrid,"1,2,3,4,5",0.2145
O1 + N15,5models,k_subsets_mean,,,0.1963
O1 + N15,6models,k_subset,Old_under+Old_over+Old_hybrid+New_under+New_over+New_hybrid,"0,1,2,3,4,5",0.2064
O1 + N15,6models,k_subsets_mean,,,0.2064
O1 + N15,New,under,,,0.2435
O1 + N15,New,over,,,0.1836
O1 + N15,New,hybrid,,,0.1767
O1 + N15,Old,under,,,0.0530
O1 + N15,Old,over,,,0.0554
O1 + N15,Old,hybrid,,,0.0593
O1 + N15,OldNew,under,,,0.2356
O1 + N15,OldNew,over,,,0.1441
O1 + N15,OldNew,hybrid,,,0.2045
O2 + N14,2models,k_subset,Old_under+New_under,"0,3",0.1706
O2 + N14,2models,k_subset,Old_under+New_over,"0,4",0.1882
O2 + N14,2models,k_subset,Old_under+New_hybrid,"0,5",0.2115
O2 + N14,2models,k_subset,Old_over+New_under,"1,3",0.1744
O2 + N14,2models,k_subset,Old_over+New_over,"1,4",0.1383
O2 + N14,2models,k_subset,Old_over+New_hybrid,"1,5",0.1749
O2 + N14,2models,k_subset,Old_hybrid+New_under,"2,3",0.1440
O2 + N14,2models,k_subset,Old_hybrid+New_over,"2,4",0.1180
O2 + N14,2models,k_subset,Old_hybrid+New_hybrid,"2,5",0.1619
O2 + N14,2models,k_subsets_mean,,,0.1647
O2 + N14,3models,k_subset,Old_under+Old_over+New_under,"0,1,3",0.1593
O2 + N14,3models,k_subset,Old_under+Old_over+New_over,"0,1,4",0.1345
O2 + N14,3models,k_subset,Old_under+Old_over+New_hybrid,"0,1,5",0.1670
O2 + N14,3models,k_subset,Old_under+Old_hybrid+New_under,"0,2,3",0.1233
O2 + N14,3models,k_subset,Old_under+Old_hybrid+New_over,"0,2,4",0.1175
O2 + N14,3models,k_subset,Old_under+Old_hybrid+New_hybrid,"0,2,5",0.1363
O2 + N14,3models,k_subset,Old_under+New_under+New_over,"0,3,4",0.2424
O2 + N14,3models,k_subset,Old_under+New_under+New_hybrid,"0,3,5",0.2294
O2 + N14,3models,k_subset,Old_under+New_over+New_hybrid,"0,4,5",0.2062
O2 + N14,3models,k_subset,Old_over+Old_hybrid+New_under,"1,2,3",0.1216
O2 + N14,3models,k_subset,Old_over+Old_hybrid+New_over,"1,2,4",0.0960
O2 + N14,3models,k_subset,Old_over+Old_hybrid+New_hybrid,"1,2,5",0.1266
O2 + N14,3models,k_subset,Old_over+New_under+New_over,"1,3,4",0.2086
O2 + N14,3models,k_subset,Old_over+New_under+New_hybrid,"1,3,5",0.2267
O2 + N14,3models,k_subset,Old_over+New_over+New_hybrid,"1,4,5",0.1880
O2 + N14,3models,k_subset,Old_hybrid+New_under+New_over,"2,3,4",0.2078
O2 + N14,3models,k_subset,Old_hybrid+New_under+New_hybrid,"2,3,5",0.2089
O2 + N14,3models,k_subset,Old_hybrid+New_over+New_hybrid,"2,4,5",0.1706
O2 + N14,3models,k_subsets_mean,,,0.1706
O2 + N14,4models,k_subset,Old_under+Old_over+Old_hybrid+New_under,"0,1,2,3",0.1110
O2 + N14,4models,k_subset,Old_under+Old_over+Old_hybrid+New_over,"0,1,2,4",0.1001
O2 + N14,4models,k_subset,Old_under+Old_over+Old_hybrid+New_hybrid,"0,1,2,5",0.1154
O2 + N14,4models,k_subset,Old_under+Old_over+New_under+New_over,"0,1,3,4",0.1979
O2 + N14,4models,k_subset,Old_under+Old_over+New_under+New_hybrid,"0,1,3,5",0.1913
O2 + N14,4models,k_subset,Old_under+Old_over+New_over+New_hybrid,"0,1,4,5",0.1797
O2 + N14,4models,k_subset,Old_under+Old_hybrid+New_under+New_over,"0,2,3,4",0.1801
O2 + N14,4models,k_subset,Old_under+Old_hybrid+New_under+New_hybrid,"0,2,3,5",0.1851
O2 + N14,4models,k_subset,Old_under+Old_hybrid+New_over+New_hybrid,"0,2,4,5",0.1632
O2 + N14,4models,k_subset,Old_under+New_under+New_over+New_hybrid,"0,3,4,5",0.2047
O2 + N14,4models,k_subset,Old_over+Old_hybrid+New_under+New_over,"1,2,3,4",0.1542
O2 + N14,4models,k_subset,Old_over+Old_hybrid+New_under+New_hybrid,"1,2,3,5",0.1756
O2 + N14,4models,k_subset,Old_over+Old_hybrid+New_over+New_hybrid,"1,2,4,5",0.1468
O2 + N14,4models,k_subset,Old_over+New_under+New_over+New_hybrid,"1,3,4,5",0.2037
O2 + N14,4models,k_subset,Old_hybrid+New_under+New_over+New_hybrid,"2,3,4,5",0.1882
O2 + N14,4models,k_subsets_mean,,,0.1665
O2 + N14,5models,k_subset,Old_under+Old_over+Old_hybrid+New_under+New_over,"0,1,2,3,4",0.1356
O2 + N14,5models,k_subset,Old_under+Old_over+Old_hybrid+New_under+New_hybrid,"0,1,2,3,5",0.1632
O2 + N14,5models,k_subset,Old_under+Old_over+Old_hybrid+New_over+New_hybrid,"0,1,2,4,5",0.1513
O2 + N14,5models,k_subset,Old_under+Old_over+New_under+New_over+New_hybrid,"0,1,3,4,5",0.2256
O2 + N14,5models,k_subset,Old_under+Old_hybrid+New_under+New_over+New_hybrid,"0,2,3,4,5",0.2002
O2 + N14,5models,k_subset,Old_over+Old_hybrid+New_under+New_over+New_hybrid,"1,2,3,4,5",0.1885
O2 + N14,5models,k_subsets_mean,,,0.1774
O2 + N14,6models,k_subset,Old_under+Old_over+Old_hybrid+New_under+New_over+New_hybrid,"0,1,2,3,4,5",0.1774
O2 + N14,6models,k_subsets_mean,,,0.1774
O2 + N14,New,under,,,0.2443
O2 + N14,New,over,,,0.1870
O2 + N14,New,hybrid,,,0.1902
O2 + N14,Old,under,,,0.0524
O2 + N14,Old,over,,,0.0603
O2 + N14,Old,hybrid,,,0.0730
O2 + N14,OldNew,under,,,0.1706
O2 + N14,OldNew,over,,,0.1383
O2 + N14,OldNew,hybrid,,,0.1619
O3 + N13,2models,k_subset,Old_under+New_under,"0,3",0.2066
O3 + N13,2models,k_subset,Old_under+New_over,"0,4",0.1770
O3 + N13,2models,k_subset,Old_under+New_hybrid,"0,5",0.1944
O3 + N13,2models,k_subset,Old_over+New_under,"1,3",0.1977
O3 + N13,2models,k_subset,Old_over+New_over,"1,4",0.1505
O3 + N13,2models,k_subset,Old_over+New_hybrid,"1,5",0.1651
O3 + N13,2models,k_subset,Old_hybrid+New_under,"2,3",0.1695
O3 + N13,2models,k_subset,Old_hybrid+New_over,"2,4",0.1580
O3 + N13,2models,k_subset,Old_hybrid+New_hybrid,"2,5",0.1610
O3 + N13,2models,k_subsets_mean,,,0.1755
O3 + N13,3models,k_subset,Old_under+Old_over+New_under,"0,1,3",0.1707
O3 + N13,3models,k_subset,Old_under+Old_over+New_over,"0,1,4",0.1530
O3 + N13,3models,k_subset,Old_under+Old_over+New_hybrid,"0,1,5",0.1593
O3 + N13,3models,k_subset,Old_under+Old_hybrid+New_under,"0,2,3",0.1519
O3 + N13,3models,k_subset,Old_under+Old_hybrid+New_over,"0,2,4",0.1433
O3 + N13,3models,k_subset,Old_under+Old_hybrid+New_hybrid,"0,2,5",0.1515
O3 + N13,3models,k_subset,Old_under+New_under+New_over,"0,3,4",0.2599
O3 + N13,3models,k_subset,Old_under+New_under+New_hybrid,"0,3,5",0.2537
O3 + N13,3models,k_subset,Old_under+New_over+New_hybrid,"0,4,5",0.2143
O3 + N13,3models,k_subset,Old_over+Old_hybrid+New_under,"1,2,3",0.1365
O3 + N13,3models,k_subset,Old_over+Old_hybrid+New_over,"1,2,4",0.1331
O3 + N13,3models,k_subset,Old_over+Old_hybrid+New_hybrid,"1,2,5",0.1418
O3 + N13,3models,k_subset,Old_over+New_under+New_over,"1,3,4",0.2249
O3 + N13,3models,k_subset,Old_over+New_under+New_hybrid,"1,3,5",0.2415
O3 + N13,3models,k_subset,Old_over+New_over+New_hybrid,"1,4,5",0.2005
O3 + N13,3models,k_subset,Old_hybrid+New_under+New_over,"2,3,4",0.2307
O3 + N13,3models,k_subset,Old_hybrid+New_under+New_hybrid,"2,3,5",0.2153
O3 + N13,3models,k_subset,Old_hybrid+New_over+New_hybrid,"2,4,5",0.2024
O3 + N13,3models,k_subsets_mean,,,0.1880
O3 + N13,4models,k_subset,Old_under+Old_over+Old_hybrid+New_under,"0,1,2,3",0.1291
O3 + N13,4models,k_subset,Old_under+Old_over+Old_hybrid+New_over,"0,1,2,4",0.1215
O3 + N13,4models,k_subset,Old_under+Old_over+Old_hybrid+New_hybrid,"0,1,2,5",0.1339
O3 + N13,4models,k_subset,Old_under+Old_over+New_under+New_over,"0,1,3,4",0.2074
O3 + N13,4models,k_subset,Old_under+Old_over+New_under+New_hybrid,"0,1,3,5",0.2068
O3 + N13,4models,k_subset,Old_under+Old_over+New_over+New_hybrid,"0,1,4,5",0.1822
O3 + N13,4models,k_subset,Old_under+Old_hybrid+New_under+New_over,"0,2,3,4",0.1916
O3 + N13,4models,k_subset,Old_under+Old_hybrid+New_under+New_hybrid,"0,2,3,5",0.2141
O3 + N13,4models,k_subset,Old_under+Old_hybrid+New_over+New_hybrid,"0,2,4,5",0.1886
O3 + N13,4models,k_subset,Old_under+New_under+New_over+New_hybrid,"0,3,4,5",0.2079
O3 + N13,4models,k_subset,Old_over+Old_hybrid+New_under+New_over,"1,2,3,4",0.1743
O3 + N13,4models,k_subset,Old_over+Old_hybrid+New_under+New_hybrid,"1,2,3,5",0.1814
O3 + N13,4models,k_subset,Old_over+Old_hybrid+New_over+New_hybrid,"1,2,4,5",0.1643
O3 + N13,4models,k_subset,Old_over+New_under+New_over+New_hybrid,"1,3,4,5",0.2152
O3 + N13,4models,k_subset,Old_hybrid+New_under+New_over+New_hybrid,"2,3,4,5",0.2282
O3 + N13,4models,k_subsets_mean,,,0.1831
O3 + N13,5models,k_subset,Old_under+Old_over+Old_hybrid+New_under+New_over,"0,1,2,3,4",0.1631
O3 + N13,5models,k_subset,Old_under+Old_over+Old_hybrid+New_under+New_hybrid,"0,1,2,3,5",0.1752
O3 + N13,5models,k_subset,Old_under+Old_over+Old_hybrid+New_over+New_hybrid,"0,1,2,4,5",0.1554
O3 + N13,5models,k_subset,Old_under+Old_over+New_under+New_over+New_hybrid,"0,1,3,4,5",0.2299
O3 + N13,5models,k_subset,Old_under+Old_hybrid+New_under+New_over+New_hybrid,"0,2,3,4,5",0.2329
O3 + N13,5models,k_subset,Old_over+Old_hybrid+New_under+New_over+New_hybrid,"1,2,3,4,5",0.2037
O3 + N13,5models,k_subsets_mean,,,0.1934
O3 + N13,6models,k_subset,Old_under+Old_over+Old_hybrid+New_under+New_over+New_hybrid,"0,1,2,3,4,5",0.1939
O3 + N13,6models,k_subsets_mean,,,0.1939
O3 + N13,New,under,,,0.2297
O3 + N13,New,over,,,0.1833
O3 + N13,New,hybrid,,,0.1830
O3 + N13,Old,under,,,0.0604
O3 + N13,Old,over,,,0.0651
O3 + N13,Old,hybrid,,,0.0682
O3 + N13,OldNew,under,,,0.2066
O3 + N13,OldNew,over,,,0.1505
O3 + N13,OldNew,hybrid,,,0.1610
O4 + N12,2models,k_subset,Old_under+New_under,"0,3",0.2179
O4 + N12,2models,k_subset,Old_under+New_over,"0,4",0.1817
O4 + N12,2models,k_subset,Old_under+New_hybrid,"0,5",0.2235
O4 + N12,2models,k_subset,Old_over+New_under,"1,3",0.1985
O4 + N12,2models,k_subset,Old_over+New_over,"1,4",0.1382
O4 + N12,2models,k_subset,Old_over+New_hybrid,"1,5",0.1918
O4 + N12,2models,k_subset,Old_hybrid+New_under,"2,3",0.1508
O4 + N12,2models,k_subset,Old_hybrid+New_over,"2,4",0.1528
O4 + N12,2models,k_subset,Old_hybrid+New_hybrid,"2,5",0.1699
O4 + N12,2models,k_subsets_mean,,,0.1806
O4 + N12,3models,k_subset,Old_under+Old_over+New_under,"0,1,3",0.1775
O4 + N12,3models,k_subset,Old_under+Old_over+New_over,"0,1,4",0.1681
O4 + N12,3models,k_subset,Old_under+Old_over+New_hybrid,"0,1,5",0.1784
O4 + N12,3models,k_subset,Old_under+Old_hybrid+New_under,"0,2,3",0.1438
O4 + N12,3models,k_subset,Old_under+Old_hybrid+New_over,"0,2,4",0.1528
O4 + N12,3models,k_subset,Old_under+Old_hybrid+New_hybrid,"0,2,5",0.1617
O4 + N12,3models,k_subset,Old_under+New_under+New_over,"0,3,4",0.2410
O4 + N12,3models,k_subset,Old_under+New_under+New_hybrid,"0,3,5",0.2573
O4 + N12,3models,k_subset,Old_under+New_over+New_hybrid,"0,4,5",0.2028
O4 + N12,3models,k_subset,Old_over+Old_hybrid+New_under,"1,2,3",0.1390
O4 + N12,3models,k_subset,Old_over+Old_hybrid+New_over,"1,2,4",0.1338
O4 + N12,3models,k_subset,Old_over+Old_hybrid+New_hybrid,"1,2,5",0.1499
O4 + N12,3models,k_subset,Old_over+New_under+New_over,"1,3,4",0.2001
O4 + N12,3models,k_subset,Old_over+New_under+New_hybrid,"1,3,5",0.2457
O4 + N12,3models,k_subset,Old_over+New_over+New_hybrid,"1,4,5",0.2107
O4 + N12,3models,k_subset,Old_hybrid+New_under+New_over,"2,3,4",0.2169
O4 + N12,3models,k_subset,Old_hybrid+New_under+New_hybrid,"2,3,5",0.2041
O4 + N12,3models,k_subset,Old_hybrid+New_over+New_hybrid,"2,4,5",0.1876
O4 + N12,3models,k_subsets_mean,,,0.1873
O4 + N12,4models,k_subset,Old_under+Old_over+Old_hybrid+New_under,"0,1,2,3",0.1423
O4 + N12,4models,k_subset,Old_under+Old_over+Old_hybrid+New_over,"0,1,2,4",0.1323
O4 + N12,4models,k_subset,Old_under+Old_over+Old_hybrid+New_hybrid,"0,1,2,5",0.1444
O4 + N12,4models,k_subset,Old_under+Old_over+New_under+New_over,"0,1,3,4",0.1851
O4 + N12,4models,k_subset,Old_under+Old_over+New_under+New_hybrid,"0,1,3,5",0.2203
O4 + N12,4models,k_subset,Old_under+Old_over+New_over+New_hybrid,"0,1,4,5",0.1968
O4 + N12,4models,k_subset,Old_under+Old_hybrid+New_under+New_over,"0,2,3,4",0.1921
O4 + N12,4models,k_subset,Old_under+Old_hybrid+New_under+New_hybrid,"0,2,3,5",0.2193
O4 + N12,4models,k_subset,Old_under+Old_hybrid+New_over+New_hybrid,"0,2,4,5",0.1750
O4 + N12,4models,k_subset,Old_under+New_under+New_over+New_hybrid,"0,3,4,5",0.2507
O4 + N12,4models,k_subset,Old_over+Old_hybrid+New_under+New_over,"1,2,3,4",0.1703
O4 + N12,4models,k_subset,Old_over+Old_hybrid+New_under+New_hybrid,"1,2,3,5",0.1856
O4 + N12,4models,k_subset,Old_over+Old_hybrid+New_over+New_hybrid,"1,2,4,5",0.1571
O4 + N12,4models,k_subset,Old_over+New_under+New_over+New_hybrid,"1,3,4,5",0.2398
O4 + N12,4models,k_subset,Old_hybrid+New_under+New_over+New_hybrid,"2,3,4,5",0.2139
O4 + N12,4models,k_subsets_mean,,,0.1883
O4 + N12,5models,k_subset,Old_under+Old_over+Old_hybrid+New_under+New_over,"0,1,2,3,4",0.1604
O4 + N12,5models,k_subset,Old_under+Old_over+Old_hybrid+New_under+New_hybrid,"0,1,2,3,5",0.1822
O4 + N12,5models,k_subset,Old_under+Old_over+Old_hybrid+New_over+New_hybrid,"0,1,2,4,5",0.1645
O4 + N12,5models,k_subset,Old_under+Old_over+New_under+New_over+New_hybrid,"0,1,3,4,5",0.2177
O4 + N12,5models,k_subset,Old_under+Old_hybrid+New_under+New_over+New_hybrid,"0,2,3,4,5",0.2028
O4 + N12,5models,k_subset,Old_over+Old_hybrid+New_under+New_over+New_hybrid,"1,2,3,4,5",0.1985
O4 + N12,5models,k_subsets_mean,,,0.1877
O4 + N12,6models,k_subset,Old_under+Old_over+Old_hybrid+New_under+New_over+New_hybrid,"0,1,2,3,4,5",0.1817
O4 + N12,6models,k_subsets_mean,,,0.1817
O4 + N12,New,under,,,0.2483
O4 + N12,New,over,,,0.1938
O4 + N12,New,hybrid,,,0.1853
O4 + N12,Old,under,,,0.0805
O4 + N12,Old,over,,,0.0693
O4 + N12,Old,hybrid,,,0.0712
O4 + N12,OldNew,under,,,0.2179
O4 + N12,OldNew,over,,,0.1382
O4 + N12,OldNew,hybrid,,,0.1699
O5 + N11,2models,k_subset,Old_under+New_under,"0,3",0.2306
O5 + N11,2models,k_subset,Old_under+New_over,"0,4",0.1822
O5 + N11,2models,k_subset,Old_under+New_hybrid,"0,5",0.2327
O5 + N11,2models,k_subset,Old_over+New_under,"1,3",0.1808
O5 + N11,2models,k_subset,Old_over+New_over,"1,4",0.1436
O5 + N11,2models,k_subset,Old_over+New_hybrid,"1,5",0.2016
O5 + N11,2models,k_subset,Old_hybrid+New_under,"2,3",0.1480
O5 + N11,2models,k_subset,Old_hybrid+New_over,"2,4",0.1371
O5 + N11,2models,k_subset,Old_hybrid+New_hybrid,"2,5",0.1642
O5 + N11,2models,k_subsets_mean,,,0.1801
O5 + N11,3models,k_subset,Old_under+Old_over+New_under,"0,1,3",0.1672
O5 + N11,3models,k_subset,Old_under+Old_over+New_over,"0,1,4",0.1448
O5 + N11,3models,k_subset,Old_under+Old_over+New_hybrid,"0,1,5",0.1891
O5 + N11,3models,k_subset,Old_under+Old_hybrid+New_under,"0,2,3",0.1797
O5 + N11,3models,k_subset,Old_under+Old_hybrid+New_over,"0,2,4",0.1579
O5 + N11,3models,k_subset,Old_under+Old_hybrid+New_hybrid,"0,2,5",0.1633
O5 + N11,3models,k_subset,Old_under+New_under+New_over,"0,3,4",0.2123
O5 + N11,3models,k_subset,Old_under+New_under+New_hybrid,"0,3,5",0.2815
O5 + N11,3models,k_subset,Old_under+New_over+New_hybrid,"0,4,5",0.2058
O5 + N11,3models,k_subset,Old_over+Old_hybrid+New_under,"1,2,3",0.1342
O5 + N11,3models,k_subset,Old_over+Old_hybrid+New_over,"1,2,4",0.1242
O5 + N11,3models,k_subset,Old_over+Old_hybrid+New_hybrid,"1,2,5",0.1488
O5 + N11,3models,k_subset,Old_over+New_under+New_over,"1,3,4",0.2143
O5 + N11,3models,k_subset,Old_over+New_under+New_hybrid,"1,3,5",0.2228
O5 + N11,3models,k_subset,Old_over+New_over+New_hybrid,"1,4,5",0.1914
O5 + N11,3models,k_subset,Old_hybrid+New_under+New_over,"2,3,4",0.2224
O5 + N11,3models,k_subset,Old_hybrid+New_under+New_hybrid,"2,3,5",0.2371
O5 + N11,3models,k_subset,Old_hybrid+New_over+New_hybrid,"2,4,5",0.1820
O5 + N11,3models,k_subsets_mean,,,0.1877
O5 + N11,4models,k_subset,Old_under+Old_over+Old_hybrid+New_under,"0,1,2,3",0.1450
O5 + N11,4models,k_subset,Old_under+Old_over+Old_hybrid+New_over,"0,1,2,4",0.1297
O5 + N11,4models,k_subset,Old_under+Old_over+Old_hybrid+New_hybrid,"0,1,2,5",0.1437
O5 + N11,4models,k_subset,Old_under+Old_over+New_under+New_over,"0,1,3,4",0.1913
O5 + N11,4models,k_subset,Old_under+Old_over+New_under+New_hybrid,"0,1,3,5",0.2244
O5 + N11,4models,k_subset,Old_under+Old_over+New_over+New_hybrid,"0,1,4,5",0.1870
O5 + N11,4models,k_subset,Old_under+Old_hybrid+New_under+New_over,"0,2,3,4",0.2000
O5 + N11,4models,k_subset,Old_under+Old_hybrid+New_under+New_hybrid,"0,2,3,5",0.2106
O5 + N11,4models,k_subset,Old_under+Old_hybrid+New_over+New_hybrid,"0,2,4,5",0.1669
O5 + N11,4models,k_subset,Old_under+New_under+New_over+New_hybrid,"0,3,4,5",0.2538
O5 + N11,4models,k_subset,Old_over+Old_hybrid+New_under+New_over,"1,2,3,4",0.1611
O5 + N11,4models,k_subset,Old_over+Old_hybrid+New_under+New_hybrid,"1,2,3,5",0.1791
O5 + N11,4models,k_subset,Old_over+Old_hybrid+New_over+New_hybrid,"1,2,4,5",0.1558
O5 + N11,4models,k_subset,Old_over+New_under+New_over+New_hybrid,"1,3,4,5",0.2403
O5 + N11,4models,k_subset,Old_hybrid+New_under+New_over+New_hybrid,"2,3,4,5",0.2346
O5 + N11,4models,k_subsets_mean,,,0.1882
O5 + N11,5models,k_subset,Old_under+Old_over+Old_hybrid+New_under+New_over,"0,1,2,3,4",0.1849
O5 + N11,5models,k_subset,Old_under+Old_over+Old_hybrid+New_under+New_hybrid,"0,1,2,3,5",0.1767
O5 + N11,5models,k_subset,Old_under+Old_over+Old_hybrid+New_over+New_hybrid,"0,1,2,4,5",0.1721
O5 + N11,5models,k_subset,Old_under+Old_over+New_under+New_over+New_hybrid,"0,1,3,4,5",0.2007
O5 + N11,5models,k_subset,Old_under+Old_hybrid+New_under+New_over+New_hybrid,"0,2,3,4,5",0.2122
O5 + N11,5models,k_subset,Old_over+Old_hybrid+New_under+New_over+New_hybrid,"1,2,3,4,5",0.2037
O5 + N11,5models,k_subsets_mean,,,0.1917
O5 + N11,6models,k_subset,Old_under+Old_over+Old_hybrid+New_under+New_over+New_hybrid,"0,1,2,3,4,5",0.1989
O5 + N11,6models,k_subsets_mean,,,0.1989
O5 + N11,New,under,,,0.2714
O5 + N11,New,over,,,0.1949
O5 + N11,New,hybrid,,,0.2400
O5 + N11,Old,under,,,0.0819
O5 + N11,Old,over,,,0.0697
O5 + N11,Old,hybrid,,,0.0906
O5 + N11,OldNew,under,,,0.2306
O5 + N11,OldNew,over,,,0.1436
O5 + N11,OldNew,hybrid,,,0.1642
O6 + N10,2models,k_subset,Old_under+New_under,"0,3",0.2354
O6 + N10,2models,k_subset,Old_under+New_over,"0,4",0.1750
O6 + N10,2models,k_subset,Old_under+New_hybrid,"0,5",0.2168
O6 + N10,2models,k_subset,Old_over+New_under,"1,3",0.1738
O6 + N10,2models,k_subset,Old_over+New_over,"1,4",0.1584
O6 + N10,2models,k_subset,Old_over+New_hybrid,"1,5",0.1800
O6 + N10,2models,k_subset,Old_hybrid+New_under,"2,3",0.1739
O6 + N10,2models,k_subset,Old_hybrid+New_over,"2,4",0.1419
O6 + N10,2models,k_subset,Old_hybrid+New_hybrid,"2,5",0.1581
O6 + N10,2models,k_subsets_mean,,,0.1793
O6 + N10,3models,k_subset,Old_under+Old_over+New_under,"0,1,3",0.1902
O6 + N10,3models,k_subset,Old_under+Old_over+New_over,"0,1,4",0.1455
O6 + N10,3models,k_subset,Old_under+Old_over+New_hybrid,"0,1,5",0.1744
O6 + N10,3models,k_subset,Old_under+Old_hybrid+New_under,"0,2,3",0.1609
O6 + N10,3models,k_subset,Old_under+Old_hybrid+New_over,"0,2,4",0.1501
O6 + N10,3models,k_subset,Old_under+Old_hybrid+New_hybrid,"0,2,5",0.1632
O6 + N10,3models,k_subset,Old_under+New_under+New_over,"0,3,4",0.2128
O6 + N10,3models,k_subset,Old_under+New_under+New_hybrid,"0,3,5",0.2281
O6 + N10,3models,k_subset,Old_under+New_over+New_hybrid,"0,4,5",0.1775
O6 + N10,3models,k_subset,Old_over+Old_hybrid+New_under,"1,2,3",0.1428
O6 + N10,3models,k_subset,Old_over+Old_hybrid+New_over,"1,2,4",0.1251
O6 + N10,3models,k_subset,Old_over+Old_hybrid+New_hybrid,"1,2,5",0.1406
O6 + N10,3models,k_subset,Old_over+New_under+New_over,"1,3,4",0.1844
O6 + N10,3models,k_subset,Old_over+New_under+New_hybrid,"1,3,5",0.2105
O6 + N10,3models,k_subset,Old_over+New_over+New_hybrid,"1,4,5",0.1920
O6 + N10,3models,k_subset,Old_hybrid+New_under+New_over,"2,3,4",0.2140
O6 + N10,3models,k_subset,Old_hybrid+New_under+New_hybrid,"2,3,5",0.2199
O6 + N10,3models,k_subset,Old_hybrid+New_over+New_hybrid,"2,4,5",0.1981
O6 + N10,3models,k_subsets_mean,,,0.1794
O6 + N10,4models,k_subset,Old_under+Old_over+Old_hybrid+New_under,"0,1,2,3",0.1339
O6 + N10,4models,k_subset,Old_under+Old_over+Old_hybrid+New_over,"0,1,2,4",0.1233
O6 + N10,4models,k_subset,Old_under+Old_over+Old_hybrid+New_hybrid,"0,1,2,5",0.1383
O6 + N10,4models,k_subset,Old_under+Old_over+New_under+New_over,"0,1,3,4",0.2090
O6 + N10,4models,k_subset,Old_under+Old_over+New_under+New_hybrid,"0,1,3,5",0.2198
O6 + N10,4models,k_subset,Old_under+Old_over+New_over+New_hybrid,"0,1,4,5",0.2078
O6 + N10,4models,k_subset,Old_under+Old_hybrid+New_under+New_over,"0,2,3,4",0.2022
O6 + N10,4models,k_subset,Old_under+Old_hybrid+New_under+New_hybrid,"0,2,3,5",0.2158
O6 + N10,4models,k_subset,Old_under+Old_hybrid+New_over+New_hybrid,"0,2,4,5",0.1824
O6 + N10,4models,k_subset,Old_under+New_under+New_over+New_hybrid,"0,3,4,5",0.2393
O6 + N10,4models,k_subset,Old_over+Old_hybrid+New_under+New_over,"1,2,3,4",0.1642
O6 + N10,4models,k_subset,Old_over+Old_hybrid+New_under+New_hybrid,"1,2,3,5",0.1833
O6 + N10,4models,k_subset,Old_over+Old_hybrid+New_over+New_hybrid,"1,2,4,5",0.1706
O6 + N10,4models,k_subset,Old_over+New_under+New_over+New_hybrid,"1,3,4,5",0.2314
O6 + N10,4models,k_subset,Old_hybrid+New_under+New_over+New_hybrid,"2,3,4,5",0.2016
O6 + N10,4models,k_subsets_mean,,,0.1882
O6 + N10,5models,k_subset,Old_under+Old_over+Old_hybrid+New_under+New_over,"0,1,2,3,4",0.1692
O6 + N10,5models,k_subset,Old_under+Old_over+Old_hybrid+New_under+New_hybrid,"0,1,2,3,5",0.1851
O6 + N10,5models,k_subset,Old_under+Old_over+Old_hybrid+New_over+New_hybrid,"0,1,2,4,5",0.1556
O6 + N10,5models,k_subset,Old_under+Old_over+New_under+New_over+New_hybrid,"0,1,3,4,5",0.2250
O6 + N10,5models,k_subset,Old_under+Old_hybrid+New_under+New_over+New_hybrid,"0,2,3,4,5",0.2094
O6 + N10,5models,k_subset,Old_over+Old_hybrid+New_under+New_over+New_hybrid,"1,2,3,4,5",0.1809
O6 + N10,5models,k_subsets_mean,,,0.1875
O6 + N10,6models,k_subset,Old_under+Old_over+Old_hybrid+New_under+New_over+New_hybrid,"0,1,2,3,4,5",0.1947
O6 + N10,6models,k_subsets_mean,,,0.1947
O6 + N10,New,under,,,0.2502
O6 + N10,New,over,,,0.1926
O6 + N10,New,hybrid,,,0.2140
O6 + N10,Old,under,,,0.0863
O6 + N10,Old,over,,,0.0708
O6 + N10,Old,hybrid,,,0.0729
O6 + N10,OldNew,under,,,0.2354
O6 + N10,OldNew,over,,,0.1584
O6 + N10,OldNew,hybrid,,,0.1581
O7 + N9,2models,k_subset,Old_under+New_under,"0,3",0.2032
O7 + N9,2models,k_subset,Old_under+New_over,"0,4",0.1715
O7 + N9,2models,k_subset,Old_under+New_hybrid,"0,5",0.1841
O7 + N9,2models,k_subset,Old_over+New_under,"1,3",0.1899
O7 + N9,2models,k_subset,Old_over+New_over,"1,4",0.1651
O7 + N9,2models,k_subset,Old_over+New_hybrid,"1,5",0.1951
O7 + N9,2models,k_subset,Old_hybrid+New_under,"2,3",0.1801
O7 + N9,2models,k_subset,Old_hybrid+New_over,"2,4",0.1393
O7 + N9,2models,k_subset,Old_hybrid+New_hybrid,"2,5",0.1789
O7 + N9,2models,k_subsets_mean,,,0.1786
O7 + N9,3models,k_subset,Old_under+Old_over+New_under,"0,1,3",0.1812
O7 + N9,3models,k_subset,Old_under+Old_over+New_over,"0,1,4",0.1679
O7 + N9,3models,k_subset,Old_under+Old_over+New_hybrid,"0,1,5",0.1936
O7 + N9,3models,k_subset,Old_under+Old_hybrid+New_under,"0,2,3",0.1735
O7 + N9,3models,k_subset,Old_under+Old_hybrid+New_over,"0,2,4",0.1524
O7 + N9,3models,k_subset,Old_under+Old_hybrid+New_hybrid,"0,2,5",0.1575
O7 + N9,3models,k_subset,Old_under+New_under+New_over,"0,3,4",0.2317
O7 + N9,3models,k_subset,Old_under+New_under+New_hybrid,"0,3,5",0.2095
O7 + N9,3models,k_subset,Old_under+New_over+New_hybrid,"0,4,5",0.1939
O7 + N9,3models,k_subset,Old_over+Old_hybrid+New_under,"1,2,3",0.1440
O7 + N9,3models,k_subset,Old_over+Old_hybrid+New_over,"1,2,4",0.1310
O7 + N9,3models,k_subset,Old_over+Old_hybrid+New_hybrid,"1,2,5",0.1512
O7 + N9,3models,k_subset,Old_over+New_under+New_over,"1,3,4",0.2008
O7 + N9,3models,k_subset,Old_over+New_under+New_hybrid,"1,3,5",0.2004
O7 + N9,3models,k_subset,Old_over+New_over+New_hybrid,"1,4,5",0.1999
O7 + N9,3models,k_subset,Old_hybrid+New_under+New_over,"2,3,4",0.1850
O7 + N9,3models,k_subset,Old_hybrid+New_under+New_hybrid,"2,3,5",0.2079
O7 + N9,3models,k_subset,Old_hybrid+New_over+New_hybrid,"2,4,5",0.1900
O7 + N9,3models,k_subsets_mean,,,0.1818
O7 + N9,4models,k_subset,Old_under+Old_over+Old_hybrid+New_under,"0,1,2,3",0.1339
O7 + N9,4models,k_subset,Old_under+Old_over+Old_hybrid+New_over,"0,1,2,4",0.1262
O7 + N9,4models,k_subset,Old_under+Old_over+Old_hybrid+New_hybrid,"0,1,2,5",0.1322
O7 + N9,4models,k_subset,Old_under+Old_over+New_under+New_over,"0,1,3,4",0.1916
O7 + N9,4models,k_subset,Old_under+Old_over+New_under+New_hybrid,"0,1,3,5",0.2412
O7 + N9,4models,k_subset,Old_under+Old_over+New_over+New_hybrid,"0,1,4,5",0.1831
O7 + N9,4models,k_subset,Old_under+Old_hybrid+New_under+New_over,"0,2,3,4",0.2314
O7 + N9,4models,k_subset,Old_under+Old_hybrid+New_under+New_hybrid,"0,2,3,5",0.2274
O7 + N9,4models,k_subset,Old_under+Old_hybrid+New_over+New_hybrid,"0,2,4,5",0.1984
O7 + N9,4models,k_subset,Old_under+New_under+New_over+New_hybrid,"0,3,4,5",0.1936
O7 + N9,4models,k_subset,Old_over+Old_hybrid+New_under+New_over,"1,2,3,4",0.1774
O7 + N9,4models,k_subset,Old_over+Old_hybrid+New_under+New_hybrid,"1,2,3,5",0.2128
O7 + N9,4models,k_subset,Old_over+Old_hybrid+New_over+New_hybrid,"1,2,4,5",0.1888
O7 + N9,4models,k_subset,Old_over+New_under+New_over+New_hybrid,"1,3,4,5",0.2011
O7 + N9,4models,k_subset,Old_hybrid+New_under+New_over+New_hybrid,"2,3,4,5",0.2028
O7 + N9,4models,k_subsets_mean,,,0.1895
O7 + N9,5models,k_subset,Old_under+Old_over+Old_hybrid+New_under+New_over,"0,1,2,3,4",0.1746
O7 + N9,5models,k_subset,Old_under+Old_over+Old_hybrid+New_under+New_hybrid,"0,1,2,3,5",0.1909
O7 + N9,5models,k_subset,Old_under+Old_over+Old_hybrid+New_over+New_hybrid,"0,1,2,4,5",0.1779
O7 + N9,5models,k_subset,Old_under+Old_over+New_under+New_over+New_hybrid,"0,1,3,4,5",0.1820
O7 + N9,5models,k_subset,Old_under+Old_hybrid+New_under+New_over+New_hybrid,"0,2,3,4,5",0.2268
O7 + N9,5models,k_subset,Old_over+Old_hybrid+New_under+New_over+New_hybrid,"1,2,3,4,5",0.2094
O7 + N9,5models,k_subsets_mean,,,0.1936
O7 + N9,6models,k_subset,Old_under+Old_over+Old_hybrid+New_under+New_over+New_hybrid,"0,1,2,3,4,5",0.2037
O7 + N9,6models,k_subsets_mean,,,0.2037
O7 + N9,New,under,,,0.2506
O7 + N9,New,over,,,0.1888
O7 + N9,New,hybrid,,,0.2116
O7 + N9,Old,under,,,0.0981
O7 + N9,Old,over,,,0.0897
O7 + N9,Old,hybrid,,,0.0946
O7 + N9,OldNew,under,,,0.2032
O7 + N9,OldNew,over,,,0.1651
O7 + N9,OldNew,hybrid,,,0.1789
O8 + N8,2models,k_subset,Old_under+New_under,"0,3",0.2159
O8 + N8,2models,k_subset,Old_under+New_over,"0,4",0.1995
O8 + N8,2models,k_subset,Old_under+New_hybrid,"0,5",0.1879
O8 + N8,2models,k_subset,Old_over+New_under,"1,3",0.1770
O8 + N8,2models,k_subset,Old_over+New_over,"1,4",0.1629
O8 + N8,2models,k_subset,Old_over+New_hybrid,"1,5",0.1846
O8 + N8,2models,k_subset,Old_hybrid+New_under,"2,3",0.1544
O8 + N8,2models,k_subset,Old_hybrid+New_over,"2,4",0.1706
O8 + N8,2models,k_subset,Old_hybrid+New_hybrid,"2,5",0.1853
O8 + N8,2models,k_subsets_mean,,,0.1820
O8 + N8,3models,k_subset,Old_under+Old_over+New_under,"0,1,3",0.1771
O8 + N8,3models,k_subset,Old_under+Old_over+New_over,"0,1,4",0.1629
O8 + N8,3models,k_subset,Old_under+Old_over+New_hybrid,"0,1,5",0.1692
O8 + N8,3models,k_subset,Old_under+Old_hybrid+New_under,"0,2,3",0.1823
O8 + N8,3models,k_subset,Old_under+Old_hybrid+New_over,"0,2,4",0.1650
O8 + N8,3models,k_subset,Old_under+Old_hybrid+New_hybrid,"0,2,5",0.1667
O8 + N8,3models,k_subset,Old_under+New_under+New_over,"0,3,4",0.2013
O8 + N8,3models,k_subset,Old_under+New_under+New_hybrid,"0,3,5",0.1839
O8 + N8,3models,k_subset,Old_under+New_over+New_hybrid,"0,4,5",0.2045
O8 + N8,3models,k_subset,Old_over+Old_hybrid+New_under,"1,2,3",0.1575
O8 + N8,3models,k_subset,Old_over+Old_hybrid+New_over,"1,2,4",0.1411
O8 + N8,3models,k_subset,Old_over+Old_hybrid+New_hybrid,"1,2,5",0.1561
O8 + N8,3models,k_subset,Old_over+New_under+New_over,"1,3,4",0.1874
O8 + N8,3models,k_subset,Old_over+New_under+New_hybrid,"1,3,5",0.1915
O8 + N8,3models,k_subset,Old_over+New_over+New_hybrid,"1,4,5",0.1735
O8 + N8,3models,k_subset,Old_hybrid+New_under+New_over,"2,3,4",0.1911
O8 + N8,3models,k_subset,Old_hybrid+New_under+New_hybrid,"2,3,5",0.1886
O8 + N8,3models,k_subset,Old_hybrid+New_over+New_hybrid,"2,4,5",0.1766
O8 + N8,3models,k_subsets_mean,,,0.1765
O8 + N8,4models,k_subset,Old_under+Old_over+Old_hybrid+New_under,"0,1,2,3",0.1504
O8 + N8,4models,k_subset,Old_under+Old_over+Old_hybrid+New_over,"0,1,2,4",0.1397
O8 + N8,4models,k_subset,Old_under+Old_over+Old_hybrid+New_hybrid,"0,1,2,5",0.1443
O8 + N8,4models,k_subset,Old_under+Old_over+New_under+New_over,"0,1,3,4",0.1856
O8 + N8,4models,k_subset,Old_under+Old_over+New_under+New_hybrid,"0,1,3,5",0.2139
O8 + N8,4models,k_subset,Old_under+Old_over+New_over+New_hybrid,"0,1,4,5",0.1745
O8 + N8,4models,k_subset,Old_under+Old_hybrid+New_under+New_over,"0,2,3,4",0.2113
O8 + N8,4models,k_subset,Old_under+Old_hybrid+New_under+New_hybrid,"0,2,3,5",0.2022
O8 + N8,4models,k_subset,Old_under+Old_hybrid+New_over+New_hybrid,"0,2,4,5",0.1841
O8 + N8,4models,k_subset,Old_under+New_under+New_over+New_hybrid,"0,3,4,5",0.1886
O8 + N8,4models,k_subset,Old_over+Old_hybrid+New_under+New_over,"1,2,3,4",0.1772
O8 + N8,4models,k_subset,Old_over+Old_hybrid+New_under+New_hybrid,"1,2,3,5",0.1846
O8 + N8,4models,k_subset,Old_over+Old_hybrid+New_over+New_hybrid,"1,2,4,5",0.1880
O8 + N8,4models,k_subset,Old_over+New_under+New_over+New_hybrid,"1,3,4,5",0.1795
O8 + N8,4models,k_subset,Old_hybrid+New_under+New_over+New_hybrid,"2,3,4,5",0.1805
O8 + N8,4models,k_subsets_mean,,,0.1803
O8 + N8,5models,k_subset,Old_under+Old_over+Old_hybrid+New_under+New_over,"0,1,2,3,4",0.1824
O8 + N8,5models,k_subset,Old_under+Old_over+Old_hybrid+New_under+New_hybrid,"0,1,2,3,5",0.1828
O8 + N8,5models,k_subset,Old_under+Old_over+Old_hybrid+New_over+New_hybrid,"0,1,2,4,5",0.1770
O8 + N8,5models,k_subset,Old_under+Old_over+New_under+New_over+New_hybrid,"0,1,3,4,5",0.1827
O8 + N8,5models,k_subset,Old_under+Old_hybrid+New_under+New_over+New_hybrid,"0,2,3,4,5",0.1898
O8 + N8,5models,k_subset,Old_over+Old_hybrid+New_under+New_over+New_hybrid,"1,2,3,4,5",0.1828
O8 + N8,5models,k_subsets_mean,,,0.1829
O8 + N8,6models,k_subset,Old_under+Old_over+Old_hybrid+New_under+New_over+New_hybrid,"0,1,2,3,4,5",0.1919
O8 + N8,6models,k_subsets_mean,,,0.1919
O8 + N8,New,under,,,0.2587
O8 + N8,New,over,,,0.1991
O8 + N8,New,hybrid,,,0.1966
O8 + N8,Old,under,,,0.1046
O8 + N8,Old,over,,,0.0863
O8 + N8,Old,hybrid,,,0.1075
O8 + N8,OldNew,under,,,0.2159
O8 + N8,OldNew,over,,,0.1629
O8 + N8,OldNew,hybrid,,,0.1853
O9 + N7,2models,k_subset,Old_under+New_under,"0,3",0.2400
O9 + N7,2models,k_subset,Old_under+New_over,"0,4",0.2006
O9 + N7,2models,k_subset,Old_under+New_hybrid,"0,5",0.1949
O9 + N7,2models,k_subset,Old_over+New_under,"1,3",0.2021
O9 + N7,2models,k_subset,Old_over+New_over,"1,4",0.1762
O9 + N7,2models,k_subset,Old_over+New_hybrid,"1,5",0.1959
O9 + N7,2models,k_subset,Old_hybrid+New_under,"2,3",0.1898
O9 + N7,2models,k_subset,Old_hybrid+New_over,"2,4",0.1626
O9 + N7,2models,k_subset,Old_hybrid+New_hybrid,"2,5",0.1851
O9 + N7,2models,k_subsets_mean,,,0.1941
O9 + N7,3models,k_subset,Old_under+Old_over+New_under,"0,1,3",0.2041
O9 + N7,3models,k_subset,Old_under+Old_over+New_over,"0,1,4",0.1672
O9 + N7,3models,k_subset,Old_under+Old_over+New_hybrid,"0,1,5",0.2074
O9 + N7,3models,k_subset,Old_under+Old_hybrid+New_under,"0,2,3",0.1920
O9 + N7,3models,k_subset,Old_under+Old_hybrid+New_over,"0,2,4",0.1901
O9 + N7,3models,k_subset,Old_under+Old_hybrid+New_hybrid,"0,2,5",0.1792
O9 + N7,3models,k_subset,Old_under+New_under+New_over,"0,3,4",0.2109
O9 + N7,3models,k_subset,Old_under+New_under+New_hybrid,"0,3,5",0.1963
O9 + N7,3models,k_subset,Old_under+New_over+New_hybrid,"0,4,5",0.1903
O9 + N7,3models,k_subset,Old_over+Old_hybrid+New_under,"1,2,3",0.1696
O9 + N7,3models,k_subset,Old_over+Old_hybrid+New_over,"1,2,4",0.1463
O9 + N7,3models,k_subset,Old_over+Old_hybrid+New_hybrid,"1,2,5",0.1715
O9 + N7,3models,k_subset,Old_over+New_under+New_over,"1,3,4",0.1868
O9 + N7,3models,k_subset,Old_over+New_under+New_hybrid,"1,3,5",0.2015
O9 + N7,3models,k_subset,Old_over+New_over+New_hybrid,"1,4,5",0.1801
O9 + N7,3models,k_subset,Old_hybrid+New_under+New_over,"2,3,4",0.1802
O9 + N7,3models,k_subset,Old_hybrid+New_under+New_hybrid,"2,3,5",0.1882
O9 + N7,3models,k_subset,Old_hybrid+New_over+New_hybrid,"2,4,5",0.1773
O9 + N7,3models,k_subsets_mean,,,0.1855
O9 + N7,4models,k_subset,Old_under+Old_over+Old_hybrid+New_under,"0,1,2,3",0.1587
O9 + N7,4models,k_subset,Old_under+Old_over+Old_hybrid+New_over,"0,1,2,4",0.1518
O9 + N7,4models,k_subset,Old_under+Old_over+Old_hybrid+New_hybrid,"0,1,2,5",0.1577
O9 + N7,4models,k_subset,Old_under+Old_over+New_under+New_over,"0,1,3,4",0.2159
O9 + N7,4models,k_subset,Old_under+Old_over+New_under+New_hybrid,"0,1,3,5",0.2182
O9 + N7,4models,k_subset,Old_under+Old_over+New_over+New_hybrid,"0,1,4,5",0.1926
O9 + N7,4models,k_subset,Old_under+Old_hybrid+New_under+New_over,"0,2,3,4",0.2142
O9 + N7,4models,k_subset,Old_under+Old_hybrid+New_under+New_hybrid,"0,2,3,5",0.2203
O9 + N7,4models,k_subset,Old_under+Old_hybrid+New_over+New_hybrid,"0,2,4,5",0.1967
O9 + N7,4models,k_subset,Old_under+New_under+New_over+New_hybrid,"0,3,4,5",0.1901
O9 + N7,4models,k_subset,Old_over+Old_hybrid+New_under+New_over,"1,2,3,4",0.1864
O9 + N7,4models,k_subset,Old_over+Old_hybrid+New_under+New_hybrid,"1,2,3,5",0.1970
O9 + N7,4models,k_subset,Old_over+Old_hybrid+New_over+New_hybrid,"1,2,4,5",0.1817
O9 + N7,4models,k_subset,Old_over+New_under+New_over+New_hybrid,"1,3,4,5",0.1813
O9 + N7,4models,k_subset,Old_hybrid+New_under+New_over+New_hybrid,"2,3,4,5",0.1795
O9 + N7,4models,k_subsets_mean,,,0.1895
O9 + N7,5models,k_subset,Old_under+Old_over+Old_hybrid+New_under+New_over,"0,1,2,3,4",0.2029
O9 + N7,5models,k_subset,Old_under+Old_over+Old_hybrid+New_under+New_hybrid,"0,1,2,3,5",0.1933
O9 + N7,5models,k_subset,Old_under+Old_over+Old_hybrid+New_over+New_hybrid,"0,1,2,4,5",0.1976
O9 + N7,5models,k_subset,Old_under+Old_over+New_under+New_over+New_hybrid,"0,1,3,4,5",0.2019
O9 + N7,5models,k_subset,Old_under+Old_hybrid+New_under+New_over+New_hybrid,"0,2,3,4,5",0.1861
O9 + N7,5models,k_subset,Old_over+Old_hybrid+New_under+New_over+New_hybrid,"1,2,3,4,5",0.1971
O9 + N7,5models,k_subsets_mean,,,0.1965
O9 + N7,6models,k_subset,Old_under+Old_over+Old_hybrid+New_under+New_over+New_hybrid,"0,1,2,3,4,5",0.2149
O9 + N7,6models,k_subsets_mean,,,0.2149
O9 + N7,New,under,,,0.2532
O9 + N7,New,over,,,0.1800
O9 + N7,New,hybrid,,,0.2094
O9 + N7,Old,under,,,0.1191
O9 + N7,Old,over,,,0.1022
O9 + N7,Old,hybrid,,,0.1125
O9 + N7,OldNew,under,,,0.2400
O9 + N7,OldNew,over,,,0.1762
O9 + N7,OldNew,hybrid,,,0.1851
O10 + N6,2models,k_subset,Old_under+New_under,"0,3",0.2314
O10 + N6,2models,k_subset,Old_under+New_over,"0,4",0.1930
O10 + N6,2models,k_subset,Old_under+New_hybrid,"0,5",0.1742
O10 + N6,2models,k_subset,Old_over+New_under,"1,3",0.2097
O10 + N6,2models,k_subset,Old_over+New_over,"1,4",0.1700
O10 + N6,2models,k_subset,Old_over+New_hybrid,"1,5",0.1877
O10 + N6,2models,k_subset,Old_hybrid+New_under,"2,3",0.2143
O10 + N6,2models,k_subset,Old_hybrid+New_over,"2,4",0.1711
O10 + N6,2models,k_subset,Old_hybrid+New_hybrid,"2,5",0.1878
O10 + N6,2models,k_subsets_mean,,,0.1932
O10 + N6,3models,k_subset,Old_under+Old_over+New_under,"0,1,3",0.2124
O10 + N6,3models,k_subset,Old_under+Old_over+New_over,"0,1,4",0.1879
O10 + N6,3models,k_subset,Old_under+Old_over+New_hybrid,"0,1,5",0.2101
O10 + N6,3models,k_subset,Old_under+Old_hybrid+New_under,"0,2,3",0.2149
O10 + N6,3models,k_subset,Old_under+Old_hybrid+New_over,"0,2,4",0.1909
O10 + N6,3models,k_subset,Old_under+Old_hybrid+New_hybrid,"0,2,5",0.1944
O10 + N6,3models,k_subset,Old_under+New_under+New_over,"0,3,4",0.2171
O10 + N6,3models,k_subset,Old_under+New_under+New_hybrid,"0,3,5",0.2020
O10 + N6,3models,k_subset,Old_under+New_over+New_hybrid,"0,4,5",0.1956
O10 + N6,3models,k_subset,Old_over+Old_hybrid+New_under,"1,2,3",0.1797
O10 + N6,3models,k_subset,Old_over+Old_hybrid+New_over,"1,2,4",0.1693
O10 + N6,3models,k_subset,Old_over+Old_hybrid+New_hybrid,"1,2,5",0.1741
O10 + N6,3models,k_subset,Old_over+New_under+New_over,"1,3,4",0.2010
O10 + N6,3models,k_subset,Old_over+New_under+New_hybrid,"1,3,5",0.2031
O10 + N6,3models,k_subset,Old_over+New_over+New_hybrid,"1,4,5",0.1890
O10 + N6,3models,k_subset,Old_hybrid+New_under+New_over,"2,3,4",0.1941
O10 + N6,3models,k_subset,Old_hybrid+New_under+New_hybrid,"2,3,5",0.2013
O10 + N6,3models,k_subset,Old_hybrid+New_over+New_hybrid,"2,4,5",0.1785
O10 + N6,3models,k_subsets_mean,,,0.1953
O10 + N6,4models,k_subset,Old_under+Old_over+Old_hybrid+New_under,"0,1,2,3",0.1763
O10 + N6,4models,k_subset,Old_under+Old_over+Old_hybrid+New_over,"0,1,2,4",0.1627
O10 + N6,4models,k_subset,Old_under+Old_over+Old_hybrid+New_hybrid,"0,1,2,5",0.1665
O10 + N6,4models,k_subset,Old_under+Old_over+New_under+New_over,"0,1,3,4",0.2285
O10 + N6,4models,k_subset,Old_under+Old_over+New_under+New_hybrid,"0,1,3,5",0.2228
O10 + N6,4models,k_subset,Old_under+Old_over+New_over+New_hybrid,"0,1,4,5",0.2033
O10 + N6,4models,k_subset,Old_under+Old_hybrid+New_under+New_over,"0,2,3,4",0.2075
O10 + N6,4models,k_subset,Old_under+Old_hybrid+New_under+New_hybrid,"0,2,3,5",0.2109
O10 + N6,4models,k_subset,Old_under+Old_hybrid+New_over+New_hybrid,"0,2,4,5",0.1853
O10 + N6,4models,k_subset,Old_under+New_under+New_over+New_hybrid,"0,3,4,5",0.1935
O10 + N6,4models,k_subset,Old_over+Old_hybrid+New_under+New_over,"1,2,3,4",0.1916
O10 + N6,4models,k_subset,Old_over+Old_hybrid+New_under+New_hybrid,"1,2,3,5",0.1942
O10 + N6,4models,k_subset,Old_over+Old_hybrid+New_over+New_hybrid,"1,2,4,5",0.1814
O10 + N6,4models,k_subset,Old_over+New_under+New_over+New_hybrid,"1,3,4,5",0.1849
O10 + N6,4models,k_subset,Old_hybrid+New_under+New_over+New_hybrid,"2,3,4,5",0.1854
O10 + N6,4models,k_subsets_mean,,,0.1930
O10 + N6,5models,k_subset,Old_under+Old_over+Old_hybrid+New_under+New_over,"0,1,2,3,4",0.1765
O10 + N6,5models,k_subset,Old_under+Old_over+Old_hybrid+New_under+New_hybrid,"0,1,2,3,5",0.1884
O10 + N6,5models,k_subset,Old_under+Old_over+Old_hybrid+New_over+New_hybrid,"0,1,2,4,5",0.1812
O10 + N6,5models,k_subset,Old_under+Old_over+New_under+New_over+New_hybrid,"0,1,3,4,5",0.2225
O10 + N6,5models,k_subset,Old_under+Old_hybrid+New_under+New_over+New_hybrid,"0,2,3,4,5",0.2181
O10 + N6,5models,k_subset,Old_over+Old_hybrid+New_under+New_over+New_hybrid,"1,2,3,4,5",0.1934
O10 + N6,5models,k_subsets_mean,,,0.1967
O10 + N6,6models,k_subset,Old_under+Old_over+Old_hybrid+New_under+New_over+New_hybrid,"0,1,2,3,4,5",0.1890
O10 + N6,6models,k_subsets_mean,,,0.1890
O10 + N6,New,under,,,0.2535
O10 + N6,New,over,,,0.1760
O10 + N6,New,hybrid,,,0.2114
O10 + N6,Old,under,,,0.1602
O10 + N6,Old,over,,,0.1317
O10 + N6,Old,hybrid,,,0.1397
O10 + N6,OldNew,under,,,0.2314
O10 + N6,OldNew,over,,,0.1700
O10 + N6,OldNew,hybrid,,,0.1878
O11 + N5,2models,k_subset,Old_under+New_under,"0,3",0.2161
O11 + N5,2models,k_subset,Old_under+New_over,"0,4",0.2025
O11 + N5,2models,k_subset,Old_under+New_hybrid,"0,5",0.2101
O11 + N5,2models,k_subset,Old_over+New_under,"1,3",0.2020
O11 + N5,2models,k_subset,Old_over+New_over,"1,4",0.1661
O11 + N5,2models,k_subset,Old_over+New_hybrid,"1,5",0.1910
O11 + N5,2models,k_subset,Old_hybrid+New_under,"2,3",0.1764
O11 + N5,2models,k_subset,Old_hybrid+New_over,"2,4",0.1593
O11 + N5,2models,k_subset,Old_hybrid+New_hybrid,"2,5",0.1713
O11 + N5,2models,k_subsets_mean,,,0.1883
O11 + N5,3models,k_subset,Old_under+Old_over+New_under,"0,1,3",0.2163
O11 + N5,3models,k_subset,Old_under+Old_over+New_over,"0,1,4",0.1854
O11 + N5,3models,k_subset,Old_under+Old_over+New_hybrid,"0,1,5",0.2014
O11 + N5,3models,k_subset,Old_under+Old_hybrid+New_under,"0,2,3",0.2342
O11 + N5,3models,k_subset,Old_under+Old_hybrid+New_over,"0,2,4",0.1933
O11 + N5,3models,k_subset,Old_under+Old_hybrid+New_hybrid,"0,2,5",0.1973
O11 + N5,3models,k_subset,Old_under+New_under+New_over,"0,3,4",0.2175
O11 + N5,3models,k_subset,Old_under+New_under+New_hybrid,"0,3,5",0.2093
O11 + N5,3models,k_subset,Old_under+New_over+New_hybrid,"0,4,5",0.1720
O11 + N5,3models,k_subset,Old_over+Old_hybrid+New_under,"1,2,3",0.1854
O11 + N5,3models,k_subset,Old_over+Old_hybrid+New_over,"1,2,4",0.1607
O11 + N5,3models,k_subset,Old_over+Old_hybrid+New_hybrid,"1,2,5",0.1694
O11 + N5,3models,k_subset,Old_over+New_under+New_over,"1,3,4",0.1838
O11 + N5,3models,k_subset,Old_over+New_under+New_hybrid,"1,3,5",0.1979
O11 + N5,3models,k_subset,Old_over+New_over+New_hybrid,"1,4,5",0.1623
O11 + N5,3models,k_subset,Old_hybrid+New_under+New_over,"2,3,4",0.1744
O11 + N5,3models,k_subset,Old_hybrid+New_under+New_hybrid,"2,3,5",0.1884
O11 + N5,3models,k_subset,Old_hybrid+New_over+New_hybrid,"2,4,5",0.1775
O11 + N5,3models,k_subsets_mean,,,0.1904
O11 + N5,4models,k_subset,Old_under+Old_over+Old_hybrid+New_under,"0,1,2,3",0.1746
O11 + N5,4models,k_subset,Old_under+Old_over+Old_hybrid+New_over,"0,1,2,4",0.1648
O11 + N5,4models,k_subset,Old_under+Old_over+Old_hybrid+New_hybrid,"0,1,2,5",0.1751
O11 + N5,4models,k_subset,Old_under+Old_over+New_under+New_over,"0,1,3,4",0.2151
O11 + N5,4models,k_subset,Old_under+Old_over+New_under+New_hybrid,"0,1,3,5",0.2205
O11 + N5,4models,k_subset,Old_under+Old_over+New_over+New_hybrid,"0,1,4,5",0.1949
O11 + N5,4models,k_subset,Old_under+Old_hybrid+New_under+New_over,"0,2,3,4",0.2263
O11 + N5,4models,k_subset,Old_under+Old_hybrid+New_under+New_hybrid,"0,2,3,5",0.2077
O11 + N5,4models,k_subset,Old_under+Old_hybrid+New_over+New_hybrid,"0,2,4,5",0.1977
O11 + N5,4models,k_subset,Old_under+New_under+New_over+New_hybrid,"0,3,4,5",0.1766
O11 + N5,4models,k_subset,Old_over+Old_hybrid+New_under+New_over,"1,2,3,4",0.1881
O11 + N5,4models,k_subset,Old_over+Old_hybrid+New_under+New_hybrid,"1,2,3,5",0.1942
O11 + N5,4models,k_subset,Old_over+Old_hybrid+New_over+New_hybrid,"1,2,4,5",0.1803
O11 + N5,4models,k_subset,Old_over+New_under+New_over+New_hybrid,"1,3,4,5",0.1841
O11 + N5,4models,k_subset,Old_hybrid+New_under+New_over+New_hybrid,"2,3,4,5",0.1580
O11 + N5,4models,k_subsets_mean,,,0.1905
O11 + N5,5models,k_subset,Old_under+Old_over+Old_hybrid+New_under+New_over,"0,1,2,3,4",0.1874
O11 + N5,5models,k_subset,Old_under+Old_over+Old_hybrid+New_under+New_hybrid,"0,1,2,3,5",0.2171
O11 + N5,5models,k_subset,Old_under+Old_over+Old_hybrid+New_over+New_hybrid,"0,1,2,4,5",0.2011
O11 + N5,5models,k_subset,Old_under+Old_over+New_under+New_over+New_hybrid,"0,1,3,4,5",0.2096
O11 + N5,5models,k_subset,Old_under+Old_hybrid+New_under+New_over+New_hybrid,"0,2,3,4,5",0.2060
O11 + N5,5models,k_subset,Old_over+Old_hybrid+New_under+New_over+New_hybrid,"1,2,3,4,5",0.1897
O11 + N5,5models,k_subsets_mean,,,0.2018
O11 + N5,6models,k_subset,Old_under+Old_over+Old_hybrid+New_under+New_over+New_hybrid,"0,1,2,3,4,5",0.2167
O11 + N5,6models,k_subsets_mean,,,0.2167
O11 + N5,New,under,,,0.2449
O11 + N5,New,over,,,0.1690
O11 + N5,New,hybrid,,,0.2040
O11 + N5,Old,under,,,0.1591
O11 + N5,Old,over,,,0.1136
O11 + N5,Old,hybrid,,,0.1487
O11 + N5,OldNew,under,,,0.2161
O11 + N5,OldNew,over,,,0.1661
O11 + N5,OldNew,hybrid,,,0.1713
O12 + N4,2models,k_subset,Old_under+New_under,"0,3",0.2193
O12 + N4,2models,k_subset,Old_under+New_over,"0,4",0.1854
O12 + N4,2models,k_subset,Old_under+New_hybrid,"0,5",0.2128
O12 + N4,2models,k_subset,Old_over+New_under,"1,3",0.1919
O12 + N4,2models,k_subset,Old_over+New_over,"1,4",0.1825
O12 + N4,2models,k_subset,Old_over+New_hybrid,"1,5",0.1727
O12 + N4,2models,k_subset,Old_hybrid+New_under,"2,3",0.1920
O12 + N4,2models,k_subset,Old_hybrid+New_over,"2,4",0.1904
O12 + N4,2models,k_subset,Old_hybrid+New_hybrid,"2,5",0.2031
O12 + N4,2models,k_subsets_mean,,,0.1944
O12 + N4,3models,k_subset,Old_under+Old_over+New_under,"0,1,3",0.1841
O12 + N4,3models,k_subset,Old_under+Old_over+New_over,"0,1,4",0.1756
O12 + N4,3models,k_subset,Old_under+Old_over+New_hybrid,"0,1,5",0.2014
O12 + N4,3models,k_subset,Old_under+Old_hybrid+New_under,"0,2,3",0.2285
O12 + N4,3models,k_subset,Old_under+Old_hybrid+New_over,"0,2,4",0.2234
O12 + N4,3models,k_subset,Old_under+Old_hybrid+New_hybrid,"0,2,5",0.2079
O12 + N4,3models,k_subset,Old_under+New_under+New_over,"0,3,4",0.1903
O12 + N4,3models,k_subset,Old_under+New_under+New_hybrid,"0,3,5",0.2117
O12 + N4,3models,k_subset,Old_under+New_over+New_hybrid,"0,4,5",0.2062
O12 + N4,3models,k_subset,Old_over+Old_hybrid+New_under,"1,2,3",0.1834
O12 + N4,3models,k_subset,Old_over+Old_hybrid+New_over,"1,2,4",0.1763
O12 + N4,3models,k_subset,Old_over+Old_hybrid+New_hybrid,"1,2,5",0.1844
O12 + N4,3models,k_subset,Old_over+New_under+New_over,"1,3,4",0.2114
O12 + N4,3models,k_subset,Old_over+New_under+New_hybrid,"1,3,5",0.1876
O12 + N4,3models,k_subset,Old_over+New_over+New_hybrid,"1,4,5",0.1750
O12 + N4,3models,k_subset,Old_hybrid+New_under+New_over,"2,3,4",0.2083
O12 + N4,3models,k_subset,Old_hybrid+New_under+New_hybrid,"2,3,5",0.2046
O12 + N4,3models,k_subset,Old_hybrid+New_over+New_hybrid,"2,4,5",0.1808
O12 + N4,3models,k_subsets_mean,,,0.1967
O12 + N4,4models,k_subset,Old_under+Old_over+Old_hybrid+New_under,"0,1,2,3",0.1902
O12 + N4,4models,k_subset,Old_under+Old_over+Old_hybrid+New_over,"0,1,2,4",0.1814
O12 + N4,4models,k_subset,Old_under+Old_over+Old_hybrid+New_hybrid,"0,1,2,5",0.1840
O12 + N4,4models,k_subset,Old_under+Old_over+New_under+New_over,"0,1,3,4",0.2367
O12 + N4,4models,k_subset,Old_under+Old_over+New_under+New_hybrid,"0,1,3,5",0.2297
O12 + N4,4models,k_subset,Old_under+Old_over+New_over+New_hybrid,"0,1,4,5",0.2148
O12 + N4,4models,k_subset,Old_under+Old_hybrid+New_under+New_over,"0,2,3,4",0.2170
O12 + N4,4models,k_subset,Old_under+Old_hybrid+New_under+New_hybrid,"0,2,3,5",0.2316
O12 + N4,4models,k_subset,Old_under+Old_hybrid+New_over+New_hybrid,"0,2,4,5",0.2033
O12 + N4,4models,k_subset,Old_under+New_under+New_over+New_hybrid,"0,3,4,5",0.1918
O12 + N4,4models,k_subset,Old_over+Old_hybrid+New_under+New_over,"1,2,3,4",0.1978
O12 + N4,4models,k_subset,Old_over+Old_hybrid+New_under+New_hybrid,"1,2,3,5",0.2020
O12 + N4,4models,k_subset,Old_over+Old_hybrid+New_over+New_hybrid,"1,2,4,5",0.1837
O12 + N4,4models,k_subset,Old_over+New_under+New_over+New_hybrid,"1,3,4,5",0.1774
O12 + N4,4models,k_subset,Old_hybrid+New_under+New_over+New_hybrid,"2,3,4,5",0.1902
O12 + N4,4models,k_subsets_mean,,,0.2021
O12 + N4,5models,k_subset,Old_under+Old_over+Old_hybrid+New_under+New_over,"0,1,2,3,4",0.2327
O12 + N4,5models,k_subset,Old_under+Old_over+Old_hybrid+New_under+New_hybrid,"0,1,2,3,5",0.2027
O12 + N4,5models,k_subset,Old_under+Old_over+Old_hybrid+New_over+New_hybrid,"0,1,2,4,5",0.2046
O12 + N4,5models,k_subset,Old_under+Old_over+New_under+New_over+New_hybrid,"0,1,3,4,5",0.2084
O12 + N4,5models,k_subset,Old_under+Old_hybrid+New_under+New_over+New_hybrid,"0,2,3,4,5",0.2078
O12 + N4,5models,k_subset,Old_over+Old_hybrid+New_under+New_over+New_hybrid,"1,2,3,4,5",0.2005
O12 + N4,5models,k_subsets_mean,,,0.2095
O12 + N4,6models,k_subset,Old_under+Old_over+Old_hybrid+New_under+New_over+New_hybrid,"0,1,2,3,4,5",0.2135
O12 + N4,6models,k_subsets_mean,,,0.2135
O12 + N4,New,under,,,0.2233
O12 + N4,New,over,,,0.1930
O12 + N4,New,hybrid,,,0.1926
O12 + N4,Old,under,,,0.1737
O12 + N4,Old,over,,,0.1221
O12 + N4,Old,hybrid,,,0.1600
O12 + N4,OldNew,under,,,0.2193
O12 + N4,OldNew,over,,,0.1825
O12 + N4,OldNew,hybrid,,,0.2031
O13 + N3,2models,k_subset,Old_under+New_under,"0,3",0.2365
O13 + N3,2models,k_subset,Old_under+New_over,"0,4",0.1933
O13 + N3,2models,k_subset,Old_under+New_hybrid,"0,5",0.2174
O13 + N3,2models,k_subset,Old_over+New_under,"1,3",0.2218
O13 + N3,2models,k_subset,Old_over+New_over,"1,4",0.1963
O13 + N3,2models,k_subset,Old_over+New_hybrid,"1,5",0.1979
O13 + N3,2models,k_subset,Old_hybrid+New_under,"2,3",0.2035
O13 + N3,2models,k_subset,Old_hybrid+New_over,"2,4",0.1750
O13 + N3,2models,k_subset,Old_hybrid+New_hybrid,"2,5",0.1797
O13 + N3,2models,k_subsets_mean,,,0.2024
O13 + N3,3models,k_subset,Old_under+Old_over+New_under,"0,1,3",0.2288
O13 + N3,3models,k_subset,Old_under+Old_over+New_over,"0,1,4",0.2020
O13 + N3,3models,k_subset,Old_under+Old_over+New_hybrid,"0,1,5",0.2175
O13 + N3,3models,k_subset,Old_under+Old_hybrid+New_under,"0,2,3",0.2387
O13 + N3,3models,k_subset,Old_under+Old_hybrid+New_over,"0,2,4",0.1859
O13 + N3,3models,k_subset,Old_under+Old_hybrid+New_hybrid,"0,2,5",0.2027
O13 + N3,3models,k_subset,Old_under+New_under+New_over,"0,3,4",0.2395
O13 + N3,3models,k_subset,Old_under+New_under+New_hybrid,"0,3,5",0.2209
O13 + N3,3models,k_subset,Old_under+New_over+New_hybrid,"0,4,5",0.1701
O13 + N3,3models,k_subset,Old_over+Old_hybrid+New_under,"1,2,3",0.1782
O13 + N3,3models,k_subset,Old_over+Old_hybrid+New_over,"1,2,4",0.1719
O13 + N3,3models,k_subset,Old_over+Old_hybrid+New_hybrid,"1,2,5",0.1886
O13 + N3,3models,k_subset,Old_over+New_under+New_over,"1,3,4",0.1983
O13 + N3,3models,k_subset,Old_over+New_under+New_hybrid,"1,3,5",0.2044
O13 + N3,3models,k_subset,Old_over+New_over+New_hybrid,"1,4,5",0.1820
O13 + N3,3models,k_subset,Old_hybrid+New_under+New_over,"2,3,4",0.1976
O13 + N3,3models,k_subset,Old_hybrid+New_under+New_hybrid,"2,3,5",0.1895
O13 + N3,3models,k_subset,Old_hybrid+New_over+New_hybrid,"2,4,5",0.1785
O13 + N3,3models,k_subsets_mean,,,0.1997
O13 + N3,4models,k_subset,Old_under+Old_over+Old_hybrid+New_under,"0,1,2,3",0.2054
O13 + N3,4models,k_subset,Old_under+Old_over+Old_hybrid+New_over,"0,1,2,4",0.2019
O13 + N3,4models,k_subset,Old_under+Old_over+Old_hybrid+New_hybrid,"0,1,2,5",0.1854
O13 + N3,4models,k_subset,Old_under+Old_over+New_under+New_over,"0,1,3,4",0.2441
O13 + N3,4models,k_subset,Old_under+Old_over+New_under+New_hybrid,"0,1,3,5",0.2595
O13 + N3,4models,k_subset,Old_under+Old_over+New_over+New_hybrid,"0,1,4,5",0.2169
O13 + N3,4models,k_subset,Old_under+Old_hybrid+New_under+New_over,"0,2,3,4",0.2333
O13 + N3,4models,k_subset,Old_under+Old_hybrid+New_under+New_hybrid,"0,2,3,5",0.2235
O13 + N3,4models,k_subset,Old_under+Old_hybrid+New_over+New_hybrid,"0,2,4,5",0.2025
O13 + N3,4models,k_subset,Old_under+New_under+New_over+New_hybrid,"0,3,4,5",0.1897
O13 + N3,4models,k_subset,Old_over+Old_hybrid+New_under+New_over,"1,2,3,4",0.2079
O13 + N3,4models,k_subset,Old_over+Old_hybrid+New_under+New_hybrid,"1,2,3,5",0.2020
O13 + N3,4models,k_subset,Old_over+Old_hybrid+New_over+New_hybrid,"1,2,4,5",0.1867
O13 + N3,4models,k_subset,Old_over+New_under+New_over+New_hybrid,"1,3,4,5",0.2027
O13 + N3,4models,k_subset,Old_hybrid+New_under+New_over+New_hybrid,"2,3,4,5",0.1815
O13 + N3,4models,k_subsets_mean,,,0.2095
O13 + N3,5models,k_subset,Old_under+Old_over+Old_hybrid+New_under+New_over,"0,1,2,3,4",0.1964
O13 + N3,5models,k_subset,Old_under+Old_over+Old_hybrid+New_under+New_hybrid,"0,1,2,3,5",0.2133
O13 + N3,5models,k_subset,Old_under+Old_over+Old_hybrid+New_over+New_hybrid,"0,1,2,4,5",0.2013
O13 + N3,5models,k_subset,Old_under+Old_over+New_under+New_over+New_hybrid,"0,1,3,4,5",0.2177
O13 + N3,5models,k_subset,Old_under+Old_hybrid+New_under+New_over+New_hybrid,"0,2,3,4,5",0.2056
O13 + N3,5models,k_subset,Old_over+Old_hybrid+New_under+New_over+New_hybrid,"1,2,3,4,5",0.1976
O13 + N3,5models,k_subsets_mean,,,0.2053
O13 + N3,6models,k_subset,Old_under+Old_over+Old_hybrid+New_under+New_over+New_hybrid,"0,1,2,3,4,5",0.2440
O13 + N3,6models,k_subsets_mean,,,0.2440
O13 + N3,New,under,,,0.2209
O13 + N3,New,over,,,0.1743
O13 + N3,New,hybrid,,,0.1880
O13 + N3,Old,under,,,0.1812
O13 + N3,Old,over,,,0.1530
O13 + N3,Old,hybrid,,,0.1594
O13 + N3,OldNew,under,,,0.2365
O13 + N3,OldNew,over,,,0.1963
O13 + N3,OldNew,hybrid,,,0.1797
O14 + N2,2models,k_subset,Old_under+New_under,"0,3",0.2359
O14 + N2,2models,k_subset,Old_under+New_over,"0,4",0.1943
O14 + N2,2models,k_subset,Old_under+New_hybrid,"0,5",0.1826
O14 + N2,2models,k_subset,Old_over+New_under,"1,3",0.1982
O14 + N2,2models,k_subset,Old_over+New_over,"1,4",0.1876
O14 + N2,2models,k_subset,Old_over+New_hybrid,"1,5",0.1836
O14 + N2,2models,k_subset,Old_hybrid+New_under,"2,3",0.2391
O14 + N2,2models,k_subset,Old_hybrid+New_over,"2,4",0.1890
O14 + N2,2models,k_subset,Old_hybrid+New_hybrid,"2,5",0.1951
O14 + N2,2models,k_subsets_mean,,,0.2006
O14 + N2,3models,k_subset,Old_under+Old_over+New_under,"0,1,3",0.2177
O14 + N2,3models,k_subset,Old_under+Old_over+New_over,"0,1,4",0.1961
O14 + N2,3models,k_subset,Old_under+Old_over+New_hybrid,"0,1,5",0.2222
O14 + N2,3models,k_subset,Old_under+Old_hybrid+New_under,"0,2,3",0.2266
O14 + N2,3models,k_subset,Old_under+Old_hybrid+New_over,"0,2,4",0.1935
O14 + N2,3models,k_subset,Old_under+Old_hybrid+New_hybrid,"0,2,5",0.2233
O14 + N2,3models,k_subset,Old_under+New_under+New_over,"0,3,4",0.2097
O14 + N2,3models,k_subset,Old_under+New_under+New_hybrid,"0,3,5",0.1904
O14 + N2,3models,k_subset,Old_under+New_over+New_hybrid,"0,4,5",0.1701
O14 + N2,3models,k_subset,Old_over+Old_hybrid+New_under,"1,2,3",0.2067
O14 + N2,3models,k_subset,Old_over+Old_hybrid+New_over,"1,2,4",0.1903
O14 + N2,3models,k_subset,Old_over+Old_hybrid+New_hybrid,"1,2,5",0.1953
O14 + N2,3models,k_subset,Old_over+New_under+New_over,"1,3,4",0.1985
O14 + N2,3models,k_subset,Old_over+New_under+New_hybrid,"1,3,5",0.1993
O14 + N2,3models,k_subset,Old_over+New_over+New_hybrid,"1,4,5",0.1770
O14 + N2,3models,k_subset,Old_hybrid+New_under+New_over,"2,3,4",0.1921
O14 + N2,3models,k_subset,Old_hybrid+New_under+New_hybrid,"2,3,5",0.1921
O14 + N2,3models,k_subset,Old_hybrid+New_over+New_hybrid,"2,4,5",0.1769
O14 + N2,3models,k_subsets_mean,,,0.1988
O14 + N2,4models,k_subset,Old_under+Old_over+Old_hybrid+New_under,"0,1,2,3",0.2121
O14 + N2,4models,k_subset,Old_under+Old_over+Old_hybrid+New_over,"0,1,2,4",0.1898
O14 + N2,4models,k_subset,Old_under+Old_over+Old_hybrid+New_hybrid,"0,1,2,5",0.2034
O14 + N2,4models,k_subset,Old_under+Old_over+New_under+New_over,"0,1,3,4",0.2082
O14 + N2,4models,k_subset,Old_under+Old_over+New_under+New_hybrid,"0,1,3,5",0.1965
O14 + N2,4models,k_subset,Old_under+Old_over+New_over+New_hybrid,"0,1,4,5",0.1836
O14 + N2,4models,k_subset,Old_under+Old_hybrid+New_under+New_over,"0,2,3,4",0.2007
O14 + N2,4models,k_subset,Old_under+Old_hybrid+New_under+New_hybrid,"0,2,3,5",0.2199
O14 + N2,4models,k_subset,Old_under+Old_hybrid+New_over+New_hybrid,"0,2,4,5",0.2143
O14 + N2,4models,k_subset,Old_under+New_under+New_over+New_hybrid,"0,3,4,5",0.2014
O14 + N2,4models,k_subset,Old_over+Old_hybrid+New_under+New_over,"1,2,3,4",0.1924
O14 + N2,4models,k_subset,Old_over+Old_hybrid+New_under+New_hybrid,"1,2,3,5",0.1983
O14 + N2,4models,k_subset,Old_over+Old_hybrid+New_over+New_hybrid,"1,2,4,5",0.1959
O14 + N2,4models,k_subset,Old_over+New_under+New_over+New_hybrid,"1,3,4,5",0.1806
O14 + N2,4models,k_subset,Old_hybrid+New_under+New_over+New_hybrid,"2,3,4,5",0.1786
O14 + N2,4models,k_subsets_mean,,,0.1984
O14 + N2,5models,k_subset,Old_under+Old_over+Old_hybrid+New_under+New_over,"0,1,2,3,4",0.1996
O14 + N2,5models,k_subset,Old_under+Old_over+Old_hybrid+New_under+New_hybrid,"0,1,2,3,5",0.2099
O14 + N2,5models,k_subset,Old_under+Old_over+Old_hybrid+New_over+New_hybrid,"0,1,2,4,5",0.1967
O14 + N2,5models,k_subset,Old_under+Old_over+New_under+New_over+New_hybrid,"0,1,3,4,5",0.1871
O14 + N2,5models,k_subset,Old_under+Old_hybrid+New_under+New_over+New_hybrid,"0,2,3,4,5",0.2182
O14 + N2,5models,k_subset,Old_over+Old_hybrid+New_under+New_over+New_hybrid,"1,2,3,4,5",0.2020
O14 + N2,5models,k_subsets_mean,,,0.2023
O14 + N2,6models,k_subset,Old_under+Old_over+Old_hybrid+New_under+New_over+New_hybrid,"0,1,2,3,4,5",0.2161
O14 + N2,6models,k_subsets_mean,,,0.2161
O14 + N2,New,under,,,0.1703
O14 + N2,New,over,,,0.1563
O14 + N2,New,hybrid,,,0.1808
O14 + N2,Old,under,,,0.1932
O14 + N2,Old,over,,,0.1639
O14 + N2,Old,hybrid,,,0.1600
O14 + N2,OldNew,under,,,0.2359
O14 + N2,OldNew,over,,,0.1876
O14 + N2,OldNew,hybrid,,,0.1951
O15 + N1,2models,k_subset,Old_under+New_under,"0,3",0.2328
O15 + N1,2models,k_subset,Old_under+New_over,"0,4",0.2038
O15 + N1,2models,k_subset,Old_under+New_hybrid,"0,5",0.1696
O15 + N1,2models,k_subset,Old_over+New_under,"1,3",0.2313
O15 + N1,2models,k_subset,Old_over+New_over,"1,4",0.1703
O15 + N1,2models,k_subset,Old_over+New_hybrid,"1,5",0.1864
O15 + N1,2models,k_subset,Old_hybrid+New_under,"2,3",0.2193
O15 + N1,2models,k_subset,Old_hybrid+New_over,"2,4",0.1922
O15 + N1,2models,k_subset,Old_hybrid+New_hybrid,"2,5",0.1862
O15 + N1,2models,k_subsets_mean,,,0.1991
O15 + N1,3models,k_subset,Old_under+Old_over+New_under,"0,1,3",0.2455
O15 + N1,3models,k_subset,Old_under+Old_over+New_over,"0,1,4",0.2349
O15 + N1,3models,k_subset,Old_under+Old_over+New_hybrid,"0,1,5",0.2083
O15 + N1,3models,k_subset,Old_under+Old_hybrid+New_under,"0,2,3",0.2246
O15 + N1,3models,k_subset,Old_under+Old_hybrid+New_over,"0,2,4",0.2165
O15 + N1,3models,k_subset,Old_under+Old_hybrid+New_hybrid,"0,2,5",0.2109
O15 + N1,3models,k_subset,Old_under+New_under+New_over,"0,3,4",0.1743
O15 + N1,3models,k_subset,Old_under+New_under+New_hybrid,"0,3,5",0.1794
O15 + N1,3models,k_subset,Old_under+New_over+New_hybrid,"0,4,5",0.1666
O15 + N1,3models,k_subset,Old_over+Old_hybrid+New_under,"1,2,3",0.2034
O15 + N1,3models,k_subset,Old_over+Old_hybrid+New_over,"1,2,4",0.1953
O15 + N1,3models,k_subset,Old_over+Old_hybrid+New_hybrid,"1,2,5",0.1925
O15 + N1,3models,k_subset,Old_over+New_under+New_over,"1,3,4",0.1869
O15 + N1,3models,k_subset,Old_over+New_under+New_hybrid,"1,3,5",0.1757
O15 + N1,3models,k_subset,Old_over+New_over+New_hybrid,"1,4,5",0.1792
O15 + N1,3models,k_subset,Old_hybrid+New_under+New_over,"2,3,4",0.2035
O15 + N1,3models,k_subset,Old_hybrid+New_under+New_hybrid,"2,3,5",0.1812
O15 + N1,3models,k_subset,Old_hybrid+New_over+New_hybrid,"2,4,5",0.1693
O15 + N1,3models,k_subsets_mean,,,0.1971
O15 + N1,4models,k_subset,Old_under+Old_over+Old_hybrid+New_under,"0,1,2,3",0.2114
O15 + N1,4models,k_subset,Old_under+Old_over+Old_hybrid+New_over,"0,1,2,4",0.1994
O15 + N1,4models,k_subset,Old_under+Old_over+Old_hybrid+New_hybrid,"0,1,2,5",0.1952
O15 + N1,4models,k_subset,Old_under+Old_over+New_under+New_over,"0,1,3,4",0.2260
O15 + N1,4models,k_subset,Old_under+Old_over+New_under+New_hybrid,"0,1,3,5",0.2135
O15 + N1,4models,k_subset,Old_under+Old_over+New_over+New_hybrid,"0,1,4,5",0.1941
O15 + N1,4models,k_subset,Old_under+Old_hybrid+New_under+New_over,"0,2,3,4",0.2068
O15 + N1,4models,k_subset,Old_under+Old_hybrid+New_under+New_hybrid,"0,2,3,5",0.2204
O15 + N1,4models,k_subset,Old_under+Old_hybrid+New_over+New_hybrid,"0,2,4,5",0.1914
O15 + N1,4models,k_subset,Old_under+New_under+New_over+New_hybrid,"0,3,4,5",0.1587
O15 + N1,4models,k_subset,Old_over+Old_hybrid+New_under+New_over,"1,2,3,4",0.1925
O15 + N1,4models,k_subset,Old_over+Old_hybrid+New_under+New_hybrid,"1,2,3,5",0.1812
O15 + N1,4models,k_subset,Old_over+Old_hybrid+New_over+New_hybrid,"1,2,4,5",0.1830
O15 + N1,4models,k_subset,Old_over+New_under+New_over+New_hybrid,"1,3,4,5",0.1654
O15 + N1,4models,k_subset,Old_hybrid+New_under+New_over+New_hybrid,"2,3,4,5",0.1706
O15 + N1,4models,k_subsets_mean,,,0.1940
O15 + N1,5models,k_subset,Old_under+Old_over+Old_hybrid+New_under+New_over,"0,1,2,3,4",0.2345
O15 + N1,5models,k_subset,Old_under+Old_over+Old_hybrid+New_under+New_hybrid,"0,1,2,3,5",0.2236
O15 + N1,5models,k_subset,Old_under+Old_over+Old_hybrid+New_over+New_hybrid,"0,1,2,4,5",0.2143
O15 + N1,5models,k_subset,Old_under+Old_over+New_under+New_over+New_hybrid,"0,1,3,4,5",0.1986
O15 + N1,5models,k_subset,Old_under+Old_hybrid+New_under+New_over+New_hybrid,"0,2,3,4,5",0.2009
O15 + N1,5models,k_subset,Old_over+Old_hybrid+New_under+New_over+New_hybrid,"1,2,3,4,5",0.1959
O15 + N1,5models,k_subsets_mean,,,0.2113
O15 + N1,6models,k_subset,Old_under+Old_over+Old_hybrid+New_under+New_over+New_hybrid,"0,1,2,3,4,5",0.1965
O15 + N1,6models,k_subsets_mean,,,0.1965
O15 + N1,New,under,,,0.1561
O15 + N1,New,over,,,0.1486
O15 + N1,New,hybrid,,,0.1373
O15 + N1,Old,under,,,0.2178
O15 + N1,Old,over,,,0.1799
O15 + N1,Old,hybrid,,,0.1818
O15 + N1,OldNew,under,,,0.2328
O15 + N1,OldNew,over,,,0.1703
O15 + N1,OldNew,hybrid,,,0.1862
avg,2models,k_subset,Old_under+New_under,"0,3",0.2219
avg,2models,k_subset,Old_under+New_over,"0,4",0.1895
avg,2models,k_subset,Old_under+New_hybrid,"0,5",0.2024
avg,2models,k_subset,Old_over+New_under,"1,3",0.1945
avg,2models,k_subset,Old_over+New_over,"1,4",0.1633
avg,2models,k_subset,Old_over+New_hybrid,"1,5",0.1870
avg,2models,k_subset,Old_hybrid+New_under,"2,3",0.1859
avg,2models,k_subset,Old_hybrid+New_over,"2,4",0.1615
avg,2models,k_subset,Old_hybrid+New_hybrid,"2,5",0.1795
avg,2models,k_subsets_mean,,,0.1873
avg,3models,k_subset,Old_under+Old_over+New_under,"0,1,3",0.1926
avg,3models,k_subset,Old_under+Old_over+New_over,"0,1,4",0.1710
avg,3models,k_subset,Old_under+Old_over+New_hybrid,"0,1,5",0.1915
avg,3models,k_subset,Old_under+Old_hybrid+New_under,"0,2,3",0.1891
avg,3models,k_subset,Old_under+Old_hybrid+New_over,"0,2,4",0.1721
avg,3models,k_subset,Old_under+Old_hybrid+New_hybrid,"0,2,5",0.1779
avg,3models,k_subset,Old_under+New_under+New_over,"0,3,4",0.2203
avg,3models,k_subset,Old_under+New_under+New_hybrid,"0,3,5",0.2204
avg,3models,k_subset,Old_under+New_over+New_hybrid,"0,4,5",0.1918
avg,3models,k_subset,Old_over+Old_hybrid+New_under,"1,2,3",0.1605
avg,3models,k_subset,Old_over+Old_hybrid+New_over,"1,2,4",0.1471
avg,3models,k_subset,Old_over+Old_hybrid+New_hybrid,"1,2,5",0.1620
avg,3models,k_subset,Old_over+New_under+New_over,"1,3,4",0.2006
avg,3models,k_subset,Old_over+New_under+New_hybrid,"1,3,5",0.2096
avg,3models,k_subset,Old_over+New_over+New_hybrid,"1,4,5",0.1868
avg,3models,k_subset,Old_hybrid+New_under+New_over,"2,3,4",0.2030
avg,3models,k_subset,Old_hybrid+New_under+New_hybrid,"2,3,5",0.2035
avg,3models,k_subset,Old_hybrid+New_over+New_hybrid,"2,4,5",0.1825
avg,3models,k_subsets_mean,,,0.1879
avg,4models,k_subset,Old_under+Old_over+Old_hybrid+New_under,"0,1,2,3",0.1593
avg,4models,k_subset,Old_under+Old_over+Old_hybrid+New_over,"0,1,2,4",0.1488
avg,4models,k_subset,Old_under+Old_over+Old_hybrid+New_hybrid,"0,1,2,5",0.1562
avg,4models,k_subset,Old_under+Old_over+New_under+New_over,"0,1,3,4",0.2081
avg,4models,k_subset,Old_under+Old_over+New_under+New_hybrid,"0,1,3,5",0.2203
avg,4models,k_subset,Old_under+Old_over+New_over+New_hybrid,"0,1,4,5",0.1930
avg,4models,k_subset,Old_under+Old_hybrid+New_under+New_over,"0,2,3,4",0.2086
avg,4models,k_subset,Old_under+Old_hybrid+New_under+New_hybrid,"0,2,3,5",0.2162
avg,4models,k_subset,Old_under+Old_hybrid+New_over+New_hybrid,"0,2,4,5",0.1905
avg,4models,k_subset,Old_under+New_under+New_over+New_hybrid,"0,3,4,5",0.2056
avg,4models,k_subset,Old_over+Old_hybrid+New_under+New_over,"1,2,3,4",0.1795
avg,4models,k_subset,Old_over+Old_hybrid+New_under+New_hybrid,"1,2,3,5",0.1911
avg,4models,k_subset,Old_over+Old_hybrid+New_over+New_hybrid,"1,2,4,5",0.1763
avg,4models,k_subset,Old_over+New_under+New_over+New_hybrid,"1,3,4,5",0.2009
avg,4models,k_subset,Old_hybrid+New_under+New_over+New_hybrid,"2,3,4,5",0.1955
avg,4models,k_subsets_mean,,,0.1900
avg,5models,k_subset,Old_under+Old_over+Old_hybrid+New_under+New_over,"0,1,2,3,4",0.1839
avg,5models,k_subset,Old_under+Old_over+Old_hybrid+New_under+New_hybrid,"0,1,2,3,5",0.1917
avg,5models,k_subset,Old_under+Old_over+Old_hybrid+New_over+New_hybrid,"0,1,2,4,5",0.1818
avg,5models,k_subset,Old_under+Old_over+New_under+New_over+New_hybrid,"0,1,3,4,5",0.2091
avg,5models,k_subset,Old_under+Old_hybrid+New_under+New_over+New_hybrid,"0,2,3,4,5",0.2098
avg,5models,k_subset,Old_over+Old_hybrid+New_under+New_over+New_hybrid,"1,2,3,4,5",0.1972
avg,5models,k_subsets_mean,,,0.1956
avg,6models,k_subset,Old_under+Old_over+Old_hybrid+New_under+New_over+New_hybrid,"0,1,2,3,4,5",0.2026
avg,6models,k_subsets_mean,,,0.2026
avg,New,under,,,0.2346
avg,New,over,,,0.1814
avg,New,hybrid,,,0.1947
avg,Old,under,,,0.1214
avg,Old,over,,,0.1022
avg,Old,hybrid,,,0.1133
avg,OldNew,under,,,0.2219
avg,OldNew,over,,,0.1633
avg,OldNew,hybrid,,,0.1795
